<mythuitheme>

    <window name="mainmenu">

        <shape name="titlebox">
            <area>-15,-15,1950,195</area>
            <type>box</type>
            <fill color="#000000" alpha="150" />
        </shape>

        <shape name="infobox">
            <area>-15,898,1950,225</area>
            <type>box</type>
            <fill color="#000000" alpha="150" />
        </shape>

        <fontdef name="menufont" from="baseextralarge">
            <color>#C3C3C3</color>
            <pixelsize>45</pixelsize>
        </fontdef>

        <fontdef name="selectedmenufont" from="menufont">
            <color>#FFFFFF</color>
            <pixelsize>50</pixelsize>
        </fontdef>

        <buttonlist name="menu">
            <area>60,110,1110,870</area>
            <layout>vertical</layout>
            <spacing>2</spacing>
            <wrapstyle>items</wrapstyle>
            <buttonarea>60,82,1110,690</buttonarea>
            <triggerevent context="Global" action="SELECT">RIGHT</triggerevent>
            <triggerevent context="Global" action="ESCAPE">LEFT</triggerevent>
            <statetype name="buttonitem">
                <state name="active">
                    <area>0,0,700,60</area>
                    <shape name="slctbr">
                        <area>0,0,700,60</area>
                        <type>roundbox</type> 
                        <fill color="#666666" alpha="50" />
                        <cornerradius>90</cornerradius> 
                    </shape>
                    <textarea name="buttontext">
                        <area>45,0,930,60</area>
                        <font>menufont</font>
                        <align>left,vcenter</align>
                        <cutdown>yes</cutdown>
                    </textarea>
                </state>
                <state name="selectedactive" from="active">
                    <shape name="slctbr">
                        <area>0,0,700,60</area>
                        <type>roundbox</type> 
                        <fill color="#FFFFFF" alpha="50" />
                        <cornerradius>90</cornerradius> 
                    </shape>
                    <textarea name="buttontext">
                        <area>45,0,930,60</area>
                        <font>selectedmenufont</font>
                        <align>left,vcenter</align>
                        <cutdown>yes</cutdown>
                    </textarea>
                </state>
            </statetype>
            <statetype name="upscrollarrow">
                <position>-15,85</position>
                <showempty>yes</showempty>
                <state type="full">
                    <imagetype name="upon">
                        <filename>shared/uparrow.png</filename>
                    </imagetype>
                </state>
            </statetype>
            <statetype name="downscrollarrow">
                <position>-15,750</position>
                <showempty>yes</showempty>
                <state type="full">
                    <imagetype name="dnon">
                        <filename>shared/downarrow.png</filename>
                    </imagetype>
                </state>
            </statetype>
        </buttonlist>

        <statetype name="watermarks">
            <position>0,0</position>
            <!-- ####################################-->
            <!-- ########  dvd_settings.xml  ########-->
            <!-- ####################################-->

            <state name="DVD_SETTINGS_GENERAL">
                <imagetype name="watermark">
                    <filename>watermark/dvd.png</filename>
                    <position>0,0</position>
                </imagetype>
            </state>

            <state name="DVD_SETTINGS_PLAY">
                <imagetype name="watermark">
                    <filename>watermark/dvd.png</filename>
                    <position>0,0</position>
                </imagetype>
            </state>

            <state name="DVD_SETTINGS_RIP">
                <imagetype name="watermark">
                    <filename>watermark/dvd.png</filename>
                </imagetype>
            </state>

            <state name="ARCHIVE">
                <imagetype name="watermark">
                    <filename>watermark/dvd.png</filename>
                </imagetype>
            </state>

            <state name="EJECT">
                <imagetype name="watermark">
                    <filename>watermark/eject.png</filename>
                </imagetype>
            </state>


            <!-- ###############################-->
            <!-- ########  dvdmenu.xml  ########-->
            <!-- ###############################-->

            <state name="DISC_PLAY">
                <imagetype name="watermark">
                    <filename>watermark/dvd.png</filename>
                    <position>0,0</position>
                </imagetype>
            </state>

            <state name="ARCHIVE">
                <imagetype name="watermark">
                    <filename>watermark/dvd.png</filename>
                </imagetype>
            </state>

            <state name="EJECT">
                <imagetype name="watermark">
                    <filename>watermark/eject.png</filename>
                </imagetype>
            </state>

            <!-- #####################################-->
            <!-- ########  game_settings.xml  ########-->
            <!-- #####################################-->

            <state name="GAME_SETTINGS_GENERAL">
                <imagetype name="watermark">
                    <filename>watermark/game.png</filename>
                </imagetype>
            </state>

            <state name="GAME_SCAN">
                <imagetype name="watermark">
                    <filename>watermark/game.png</filename>
                </imagetype>
            </state>

            <!-- ################################-->
            <!-- ########  mainmenu.xml  ########-->
            <!-- ################################-->

            <state name="TV">
                <imagetype name="watermark">
                    <filename>watermark/tv.png</filename>
                </imagetype>
            </state>

            <state name="MUSIC">
                <imagetype name="watermark">
                    <filename>watermark/music.png</filename>
                </imagetype>
            </state>

            <state name="VIDEO">
                <imagetype name="watermark">
                    <filename>watermark/dvd.png</filename>
                </imagetype>
            </state>

            <state name="DVD">
                <imagetype name="watermark">
                    <filename>watermark/dvd.png</filename>
                    <position>0,0</position>
                </imagetype>
            </state>

            <state name="FM">
                <imagetype name="watermark">
                    <filename>watermark/radio.png</filename>
                </imagetype>
            </state>

            <state name="IMAGES">
                <imagetype name="watermark">
                    <filename>watermark/gallery.png</filename>
                </imagetype>
            </state>

            <state name="GAME">
                <imagetype name="watermark">
                    <filename>watermark/game.png</filename>
                </imagetype>
            </state>

            <state name="WEATHER">
                <imagetype name="watermark">
                    <filename>watermark/weather.png</filename>
                </imagetype>
            </state>

            <state name="NEWS">
                <imagetype name="watermark">
                    <filename>watermark/guide.png</filename>
                </imagetype>
            </state>

            <state name="WEBPAGE">
                <imagetype name="watermark">
                    <filename>watermark/web.png</filename>
                </imagetype>
            </state>

            <state name="SETUP">
                <imagetype name="watermark">
                    <filename>watermark/settings.png</filename>
                </imagetype>
            </state>

            <state name="SHUTDOWN">
                <imagetype name="watermark">
                    <filename>watermark/power.png</filename>
                </imagetype>
            </state>

            <!-- #####################################-->
            <!-- ########  main_settings.xml  ########-->
            <!-- #####################################-->

            <state name="SETTINGS_GENERAL">
                <imagetype name="watermark">
                    <filename>watermark/settings.png</filename>
                </imagetype>
            </state>

            <state name="SETTINGS_APPEARANCE">
                <imagetype name="watermark">
                    <filename>watermark/config.png</filename>
                </imagetype>
            </state>

            <state name="SCREENSETUPWIZARD">
                <imagetype name="watermark">
                    <filename>watermark/config.png</filename>
                </imagetype>
            </state>

            <state name="SETTINGS_TV">
                <imagetype name="watermark">
                    <filename>watermark/tv.png</filename>
                </imagetype>
            </state>

            <state name="SETTINGS_MUSIC">
                <imagetype name="watermark">
                    <filename>watermark/music.png</filename>
                </imagetype>
            </state>

            <state name="SETTINGS_VIDEO">
                <imagetype name="watermark">
                    <filename>watermark/dvd.png</filename>
                </imagetype>
            </state>

            <state name="SETTINGS_DVD">
                <imagetype name="watermark">
                    <filename>watermark/dvd.png</filename>
                </imagetype>
            </state>

            <state name="SETTINGS_FM">
                <imagetype name="watermark">
                    <filename>watermark/radio.png</filename>
                </imagetype>
            </state>

            <state name="SETTINGS_IMAGES">
                <imagetype name="watermark">
                    <filename>watermark/gallery.png</filename>
                </imagetype>
            </state>

            <state name="SETTINGS_GAME">
                <imagetype name="watermark">
                    <filename>watermark/game.png</filename>
                </imagetype>
            </state>

            <state name="SETTINGS_WEATHER">
                <imagetype name="watermark">
                    <filename>watermark/weather.png</filename>
                </imagetype>
            </state>

            <state name="WEATHER_SETTINGS_GENERAL">
                <imagetype name="watermark">
                    <filename>watermark/weather.png</filename>
                </imagetype>
            </state>

            <state name="WEATHER_SETTINGS_SCREEN">
                <imagetype name="watermark">
                    <filename>watermark/weather.png</filename>
                </imagetype>
            </state>

            <state name="WEATHER_SETTINGS_SOURCE">
                <imagetype name="watermark">
                    <filename>watermark/weather.png</filename>
                </imagetype>
            </state>

            <state name="SETTINGS_NEWS">
                <imagetype name="watermark">
                    <filename>watermark/guide.png</filename>
                </imagetype>
            </state>

            <state name="SETTINGS_WEBPAGE">
                <imagetype name="watermark">
                    <filename>watermark/web.png</filename>
                </imagetype>
            </state>

            <state name="SETTINGS_XBOX">
                <imagetype name="watermark">
                    <filename>watermark/settings.png</filename>
                </imagetype>
            </state>


            <!-- ######################################-->
            <!-- ########  music_settings.xml  ########-->
            <!-- ######################################-->

            <state name="MUSIC_SETTINGS_GENERAL">
                <imagetype name="watermark">
                    <filename>watermark/music.png</filename>
                </imagetype>
            </state>

            <state name="MUSIC_SETTINGS_PLAYER">
                <imagetype name="watermark">
                    <filename>watermark/music_playlist.png</filename>
                </imagetype>
            </state>

            <state name="MUSIC_SETTINGS_RIP">
                <imagetype name="watermark">
                    <filename>watermark/music_rip.png</filename>
                </imagetype>
            </state>

            <!-- #################################-->
            <!-- ########  musicmenu.xml  ########-->
            <!-- #################################-->

            <state name="MUSIC_PLAY">
                <imagetype name="watermark">
                    <filename>watermark/music.png</filename>
                </imagetype>
            </state>

            <state name="MUSIC_PLAYLIST">
                <imagetype name="watermark">
                    <filename>watermark/music_playlist.png</filename>
                </imagetype>
            </state>

            <state name="MUSIC_RIP">
                <imagetype name="watermark">
                    <filename>watermark/music_rip.png</filename>
                </imagetype>
            </state>

            <state name="MUSIC_SCAN">
                <imagetype name="watermark">
                    <filename>watermark/music_scan.png</filename>
                </imagetype>
            </state>

            <!-- ##############################################-->
            <!-- ########  recpriorities_settings.xml  ########-->
            <!-- ##############################################-->

            <state name="TV_RECPRIORITIES_SETTINGS_GENERAL">
                <imagetype name="watermark">
                    <filename>watermark/volts.png</filename>
                </imagetype>
            </state>

            <state name="TV_RECPRIORITIES_CHANNEL">
                <imagetype name="watermark">
                    <filename>watermark/volts.png</filename>
                </imagetype>
            </state>

            <!-- #############################-->
            <!-- ########  setup.xml  ########-->
            <!-- #############################-->

            <state name="SETUP_GENERAL">
                <imagetype name="watermark">
                    <filename>watermark/settings.png</filename>
                </imagetype>
            </state>

            <state name="SETUP_STORAGE_GROUPS">
                <imagetype name="watermark">
                    <filename>watermark/settings.png</filename>
                </imagetype>
            </state>

            <state name="SETUP_CAPTURE_CARDS">
                <imagetype name="watermark">
                    <filename>watermark/settings.png</filename>
                </imagetype>
            </state>

            <state name="SETUP_VIDEO_SOURCES">
                <imagetype name="watermark">
                    <filename>watermark/settings.png</filename>
                </imagetype>
            </state>

            <state name="SETUP_INPUT_CONNECTIONS">
                <imagetype name="watermark">
                    <filename>watermark/settings.png</filename>
                </imagetype>
            </state>

            <state name="SETUP_CHANNEL_EDITOR">
                <imagetype name="watermark">
                    <filename>watermark/settings.png</filename>
                </imagetype>
            </state>

            <state name="SETUP_KEYS">
                <imagetype name="watermark">
                    <filename>watermark/tv.png</filename>
                </imagetype>
            </state>

            <!-- ###################################-->
            <!-- ########  tv_schedule.xml  ########-->
            <!-- ###################################-->

            <state name="TV_PROGRAM_GUIDE">
                <imagetype name="watermark">
                    <filename>watermark/search_lists.png</filename>
                </imagetype>
            </state>

            <state name="TV_PROGFIND">
                <imagetype name="watermark">
                    <filename>watermark/seek.png</filename>
                </imagetype>
            </state>

            <state name="TV_SEARCH_WORDS">
                <imagetype name="watermark">
                    <filename>watermark/list.png</filename>
                </imagetype>
            </state>

            <state name="TV_SEARCH_LISTS">
                <imagetype name="watermark">
                    <filename>watermark/search_lists.png</filename>
                </imagetype>
            </state>

            <state name="TV_CUSTOM_RECORD">
                <imagetype name="watermark">
                    <filename>watermark/tv_custom_record.png</filename>
                </imagetype>
            </state>

            <state name="TV_MANUAL_SCHEDULE">
                <imagetype name="watermark">
                    <filename>watermark/tv_schedule.png</filename>
                </imagetype>
            </state>

            <state name="TV_RECPRIORITIES">
                <imagetype name="watermark">
                    <filename>watermark/volts.png</filename>
                </imagetype>
            </state>

            <state name="TV_CONFLICTS">
                <imagetype name="watermark">
                    <filename>watermark/volts.png</filename>
                </imagetype>
            </state>

            <!-- #################################-->
            <!-- ########  tv_search.xml  ########-->
            <!-- #################################-->

            <state name="TV_SEARCH_TITLES">
                <imagetype name="watermark">
                    <filename>watermark/search_lists.png</filename>
                </imagetype>
            </state>

            <state name="TV_SEARCH_KEYWORDS">
                <imagetype name="watermark">
                    <filename>watermark/list.png</filename>
                </imagetype>
            </state>

            <state name="TV_SEARCH_PEOPLE">
                <imagetype name="watermark">
                    <filename>watermark/list.png</filename>
                </imagetype>
            </state>

            <state name="TV_SEARCH_POWER">
                <imagetype name="watermark">
                    <filename>watermark/tv.png</filename>
                </imagetype>
            </state>

            <!-- ################################-->
            <!-- ########  tv_lists.xml  ########-->
            <!-- ################################-->

            <state name="TV_SEARCH_NEW_TITLES">
                <imagetype name="watermark">
                    <filename>watermark/search_new_titles.png</filename>
                </imagetype>
            </state>

            <state name="TV_SEARCH_MOVIES">
                <imagetype name="watermark">
                    <filename>watermark/dvd.png</filename>
                </imagetype>
            </state>

            <state name="TV_SEARCH_CATEGORIES">
                <imagetype name="watermark">
                    <filename>watermark/search_categories.png</filename>
                </imagetype>
            </state>

            <state name="TV_SEARCH_CHANNELS">
                <imagetype name="watermark">
                    <filename>watermark/seek.png</filename>
                </imagetype>
            </state>

            <state name="TV_SEARCH_TIMES">
                <imagetype name="watermark">
                    <filename>watermark/search_time.png</filename>
                </imagetype>
            </state>

            <state name="TV_SEARCH_DESCRIPTIONS">
                <imagetype name="watermark">
                    <filename>watermark/list.png</filename>
                </imagetype>
            </state>

            <state name="TV_SEARCH_LISTINGS">
                <imagetype name="watermark">
                    <filename>watermark/tv_searchlistings.png</filename>
                </imagetype>
            </state>


            <!-- ###################################-->
            <!-- ########  tv_settings.xml  ########-->
            <!-- ###################################-->

            <state name="TV_SETTINGS_GENERAL">
                <imagetype name="watermark">
                    <filename>watermark/tv.png</filename>
                </imagetype>
            </state>

            <state name="TV_SETTINGS_PROGRAM_GUIDE">
                <imagetype name="watermark">
                    <filename>watermark/search_lists.png</filename>
                </imagetype>
            </state>

            <state name="TV_SETTINGS_PLAYBACK">
                <imagetype name="watermark">
                    <filename>watermark/tv.png</filename>
                </imagetype>
            </state>

            <state name="TV_SETTINGS_RECORDING_PROFILES">
                <imagetype name="watermark">
                    <filename>watermark/tv_schedule.png</filename>
                </imagetype>
            </state>

            <state name="TV_SETTINGS_RECPRIORITIES">
                <imagetype name="watermark">
                    <filename>watermark/volts.png</filename>
                </imagetype>
            </state>

            <state name="TV_SETTINGS_PLAYBACK_OSD">
                <imagetype name="watermark">
                    <filename>watermark/tv.png</filename>
                </imagetype>
            </state>

            <!-- ##############################-->
            <!-- ########  tvmenu.xml  ########-->
            <!-- ##############################-->

            <state name="TV_WATCH_TV">
                <imagetype name="watermark">
                    <filename>watermark/tv.png</filename>
                </imagetype>
            </state>

            <state name="TV_SCHEDULE_RECORDINGS">
                <imagetype name="watermark">
                    <filename>watermark/tv_schedule.png</filename>
                </imagetype>
            </state>

            <state name="TV_WATCH_RECORDINGS">
                <imagetype name="watermark">
                    <filename>watermark/tv.png</filename>
                </imagetype>
            </state>

            <state name="TV_DELETE">
                <imagetype name="watermark">
                    <filename>watermark/tv_delete.png</filename>
                </imagetype>
            </state>

            <state name="TV_PREVIOUS">
                <imagetype name="watermark">
                    <filename>watermark/seek.png</filename>
                </imagetype>
            </state>

            <state name="TV_STATUS">
                <imagetype name="watermark">
                    <filename>watermark/settings.png</filename>
                </imagetype>
            </state>

            <!-- ######################################-->
            <!-- ########  video_settings.xml  ########-->
            <!-- ######################################-->

            <state name="VIDEO_SETTINGS_GENERAL">
                <imagetype name="watermark">
                    <filename>watermark/dvd.png</filename>
                </imagetype>
            </state>

            <state name="VIDEO_SETTINGS_PLAYER">
                <imagetype name="watermark">
                    <filename>watermark/dvd.png</filename>
                </imagetype>
            </state>

            <state name="VIDEO_FILE_TYPES">
                <imagetype name="watermark">
                    <filename>watermark/dvd.png</filename>
                </imagetype>
            </state>

            <!-- #################################-->
            <!-- ########  videomenu.xml  ########-->
            <!-- #################################-->

            <state name="VIDEO_BROWSER">
                <imagetype name="watermark">
                    <filename>watermark/dvd.png</filename>
                </imagetype>
            </state>

            <state name="VIDEO_LIST">
                <imagetype name="watermark">
                    <filename>watermark/dvd.png</filename>
                </imagetype>
            </state>

            <state name="VIDEO_MANAGER">
                <imagetype name="watermark">
                    <filename>watermark/dvd.png</filename>
                </imagetype>
            </state>

            <!-- ###########################################-->
            <!-- ########  AltMenus Specific Icons  ########-->
            <!-- ###########################################-->

            <state name="TV_UPCOMING_RECORDINGS">
                <imagetype name="watermark">
                    <filename>watermark/tv_schedule.png</filename>
                </imagetype>
            </state>

            <state name="SETTINGS_MEDIA">
                <imagetype name="watermark">
                    <filename>watermark/dvd.png</filename>
                </imagetype>
            </state>

            <state name="SETTINGS_INFO_CENTER">
                <imagetype name="watermark">
                    <filename>watermark/search_new_titles.png</filename>
                </imagetype>
            </state>

            <state name="MENU_MEDIA_LIBRARY">
                <imagetype name="watermark">
                    <filename>watermark/dvd.png</filename>
                </imagetype>
            </state>

            <state name="MENU_MANAGE_RECORDINGS">
                <imagetype name="watermark">
                    <filename>watermark/search_lists.png</filename>
                </imagetype>
            </state>

            <state name="MENU_INFO_CENTER">
                <imagetype name="watermark">
                    <filename>watermark/search_new_titles.png</filename>
                </imagetype>
            </state>

            <state name="MENU_OPTICAL_DISKS">
                <imagetype name="watermark">
                    <filename>watermark/dvd.png</filename>
                </imagetype>
            </state>

            <state name="MENU_UTILITIES_SETUP">
                <imagetype name="watermark">
                    <filename>watermark/settings.png</filename>
                </imagetype>
            </state>

            <state name="SETUP_FRONTEND">
                <imagetype name="watermark">
                    <filename>watermark/settings.png</filename>
                </imagetype>
            </state>

            <state name="SETUP_BACKEND">
                <imagetype name="watermark">
                    <filename>watermark/settings.png</filename>
                </imagetype>
            </state>

            <state name="SETUP_MENU">
                <imagetype name="watermark">
                    <filename>watermark/settings.png</filename>
                </imagetype>
            </state>

            <!-- ZONEMINDER -->

            <state name="ZONEMINDER">
                <imagetype name="watermark">
                    <filename>watermark/cctv.png</filename>
                </imagetype>
            </state>

            <state name="SETTINGS_ZONEMINDER">
                <imagetype name="watermark">
                    <filename>watermark/cctv.png</filename>
                </imagetype>
            </state>
        </statetype>

<!--        <shape name="titleboxshadow">
            <area>-15,165,1950,15</area>
            <fill style="gradient">
                <gradient start="#ffffff" end="#000000" alpha="50" />
            </fill>
        </shape>
-->
        <imagetype name="overlay">
            <area>0,0,1920,1080</area>
            <filename>panels-with-drop.png</filename>
        </imagetype>

        <clock name="clock">
            <area>1250,1016,650,50</area>
            <font>clock</font>
            <align>right</align>
            <template>%DATE%, %TIME%</template>
        </clock>

    </window>
</mythuitheme>
