<themeinfo>
    <name>Functionality</name>
    <author>
        <name>Wes Newell</name>
        <email>w.newell@tx.rr.com</email>
    </author>

    <!-- The Theme Types (Required) -->
    <types>
        <!-- Type. Legal Values are one or more of: UI, OSD and Menu -->
        <type>UI</type>
    </types>

    <aspect>16:9</aspect>
    <baseres>1920x1080</baseres>

    <version>
        <major>1</major>
        <minor>0</minor>
    </version>

    <detail>
        <thumbnail name="preview">preview.png</thumbnail>
        <description>Based on Mythbuntu theme with 14cx 4hr guide full menus</description> 
        <errata>functionality over beauty</errata>
    </detail>
</themeinfo>
